Data;Historico;Fech;Var.Dia;Abertura;Minimo;Medio;Maximo;Volume;Negocios
10/02/2017;15,58;15,58;3,52;15,2;15,14;15,41;15,63;685.404.114;46.594
09/02/2017;15,05;15,05;-0,33;15,18;14,96;15,09;15,24;511.618.512;28.440
08/02/2017;15,1;15,1;2,72;14,77;14,27;14,62;15,1;861.209.873;54.174
07/02/2017;14,7;14,7;-1,74;15,1;14,7;14,88;15,16;434.009.614;25.002
06/02/2017;14,96;14,96;-2,48;15,38;14,95;15,18;15,47;450.522.285;52.583
03/02/2017;15,34;15,34;3,02;14,92;14,77;15,16;15,34;609.655.914;40.870
02/02/2017;14,89;14,89;-0,87;14,99;14,86;15,03;15,28;590.933.188;37.746
01/02/2017;15,02;15,02;0;15,26;14,91;15,12;15,41;544.015.805;32.237
31/01/2017;15,02;15,02;1,21;14,99;14,9;15,14;15,37;466.453.226;37.108
30/01/2017;14,84;14,84;-4,99;15,51;14,84;15,11;15,53;404.592.675;41.856
27/01/2017;15,62;15,62;-1,14;15,73;15,54;15,68;15,87;364.881.549;30.818
26/01/2017;15,8;15,8;-1,5;16,15;15,8;15,97;16,19;597.099.756;41.385
25/01/2017;16,04;16,04;0;16,04;16,04;16,04;16,04;;0
24/01/2017;16,04;16,04;0,31;16,12;15,97;16,21;16,43;805.622.019;50.520
23/01/2017;15,99;15,99;-0,06;15,94;15,79;15,97;16,09;401.372.150;27.681
20/01/2017;16;16;1,46;15,84;15,81;16,02;16,19;558.667.203;37.513
19/01/2017;15,77;15,77;-0,13;15,82;15,58;15,77;15,88;341.918.356;20.572
18/01/2017;15,79;15,79;-0,19;15,8;15,71;15,83;15,93;391.422.264;24.053
17/01/2017;15,82;15,82;0,44;15,73;15,72;15,88;15,97;455.286.006;24.438
16/01/2017;15,75;15,75;0,45;15,7;15,58;15,7;15,75;315.096.558;13.728
13/01/2017;15,68;15,68;-1,38;15,77;15,57;15,7;15,95;540.794.917;30.285
12/01/2017;15,9;15,9;1,53;16,15;15,9;16,04;16,25;800.242.399;43.412
11/01/2017;15,66;15,66;1,16;15,64;15,27;15,52;15,68;533.930.096;27.680
10/01/2017;15,48;15,48;0,98;15,6;15,39;15,56;15,68;408.290.348;31.187
09/01/2017;15,33;15,33;-2,11;15,5;15,33;15,46;15,6;395.853.062;20.548
06/01/2017;15,66;15,66;-0,57;15,78;15,5;15,68;15,92;401.383.340;28.712
05/01/2017;15,75;15,75;1,61;15,7;15,62;15,77;15,91;750.416.010;34.266
04/01/2017;15,5;15,5;0;15,45;15,31;15,5;15,68;574.660.470;32.250
03/01/2017;15,5;15,5;5,73;14,95;14,95;15,36;15,65;613.726.454;37.364
02/01/2017;14,66;14,66;-1,41;14,64;14,6;14,65;14,7;110.251.594;6.897
29/12/2016;14,87;14,87;0,61;14,85;14,52;14,73;14,88;266.439.891;19.721
28/12/2016;14,78;14,78;2,57;14,43;14,36;14,63;14,81;277.762.881;20.265
27/12/2016;14,41;14,41;-0,07;14,5;14,26;14,42;14,55;215.534.672;13.617
26/12/2016;14,42;14,42;1,26;14,32;14,27;14,39;14,45;82.501.537;4.840
23/12/2016;14,24;14,24;1,64;14,05;14,01;14,2;14,35;309.168.316;23.100
22/12/2016;14,01;14,01;-2,3;14,46;14,01;14,11;14,46;596.031.940;30.722
21/12/2016;14,34;14,34;-0,07;14,45;14,04;14,29;14,48;469.597.065;28.238
20/12/2016;14,35;14,35;-0,07;14,46;14,1;14,34;14,59;456.286.610;29.668
19/12/2016;14,36;14,36;-2,71;14,88;14,35;14,61;14,89;571.619.699;27.841
16/12/2016;14,76;14,76;-0,61;14,9;14,76;14,9;15,14;564.261.035;25.998
15/12/2016;14,85;14,85;0,75;14,78;14,33;14,62;14,91;633.622.634;51.635
14/12/2016;14,74;14,74;-4,6;15,43;14,74;15,09;15,47;667.048.842;45.559
13/12/2016;15,45;15,45;-0,96;15,55;15,38;15,54;15,69;519.764.575;38.294
12/12/2016;15,6;15,6;0,13;15,79;15,48;15,72;15,95;557.199.702;35.529
09/12/2016;15,58;15,58;-0,76;15,88;15,52;15,72;15,9;584.126.379;29.722
08/12/2016;15,7;15,7;-1,01;15,97;15,52;15,76;16;648.013.110;32.380
07/12/2016;15,86;15,86;-1,8;16,3;15,77;15,97;16,33;802.214.962;37.764
06/12/2016;16,15;16,15;3,13;16;15,74;16,01;16,2;1.023.040.935;65.330
05/12/2016;15,66;15,66;-1,07;16,01;15,55;15,81;16,09;752.226.832;42.162
02/12/2016;15,83;15,83;2,53;15,12;14,75;15,47;15,91;903.293.010;53.501
01/12/2016;15,44;15,44;-3,5;16;15,33;15,92;16,35;1.063.362.857;67.139
30/11/2016;16;16;9,14;15,9;15,61;15,94;16,19;1.316.174.668;57.759
29/11/2016;14,66;14,66;-5,17;15,3;14,59;14,86;15,38;803.761.140;46.719
28/11/2016;15,46;15,46;1,05;15,2;15,2;15,43;15,56;597.826.222;37.180
25/11/2016;15,3;15,3;-1,8;15,25;15,05;15,29;15,52;728.061.368;46.168
24/11/2016;15,58;15,58;-1,7;15,9;15,58;15,73;15,9;231.672.132;12.010
23/11/2016;15,85;15,85;-0,5;15,72;15,53;15,79;15,99;671.014.830;36.125
22/11/2016;15,93;15,93;2,25;15,93;15,25;15,78;16,08;925.058.048;44.115
21/11/2016;15,58;15,58;7,3;15,05;14,88;15,29;15,58;903.896.161;60.252
18/11/2016;14,52;14,52;1,61;14,37;14,21;14,49;14,69;797.766.759;46.519
17/11/2016;14,29;14,29;-3,05;15,15;14,29;14,94;15,32;769.711.236;52.393
16/11/2016;14,74;14,74;5,29;14,55;14,18;14,59;14,96;1.129.528.308;61.599
14/11/2016;14;14;-0,07;13,8;13,33;13,74;14,18;1.190.281.115;2.496
11/11/2016;14,01;14,01;-9,61;15,18;13,94;14,65;15,46;1.902.200.217;44.759
10/11/2016;15,5;15,5;-6,91;17,1;15,5;16,2;17,18;1.533.778.609;94.293
09/11/2016;16,65;16,65;-2,29;15,85;15,81;16,45;17,1;1.832.973.107;93.707
08/11/2016;17,04;17,04;-0,99;17,1;16,73;17,14;17,48;963.789.126;42.871
07/11/2016;17,21;17,21;7,63;16,71;16,71;16,99;17,21;877.342.569;45.553
04/11/2016;15,99;15,99;-0,87;16,47;15,91;16,26;16,58;997.401.704;57.184
03/11/2016;16,13;16,13;-4,33;16,63;16,13;16,51;17,03;937.533.189;59.189
01/11/2016;16,86;16,86;-4,69;17,88;16,56;17,15;17,88;1.178.290.171;60.241
31/10/2016;17,69;17,69;-2,21;18,03;17,61;17,79;18,17;748.026.374;48.694
28/10/2016;18,09;18,09;0;17,99;17,95;18,13;18,29;683.237.204;25.942
27/10/2016;18,09;18,09;-0,06;18,11;18,09;18,3;18,49;798.563.954;36.326
26/10/2016;18,1;18,1;0,56;17,7;17,61;17,99;18,25;925.073.214;38.772
25/10/2016;18;18;-1,1;18,22;17,71;17,99;18,29;1.037.308.024;52.991
24/10/2016;18,2;18,2;1,39;18,26;18;18,22;18,43;941.395.100;50.817
21/10/2016;17,95;17,95;1,18;17,65;17,48;17,82;18,09;854.846.869;31.741
20/10/2016;17,74;17,74;0,68;17,31;17,22;17,48;17,74;1.099.335.176;48.292
19/10/2016;17,62;17,62;1,15;17,72;17,34;17,59;17,79;1.146.810.092;46.561
18/10/2016;17,42;17,42;3,08;17,21;17,18;17,42;17,64;1.341.211.618;69.547
17/10/2016;16,9;16,9;3,94;16,24;16,07;16,52;16,9;1.239.306.404;66.142
14/10/2016;16,26;16,26;3,17;16,01;15,98;16,15;16,29;1.063.794.912;74.520
13/10/2016;15,76;15,76;2,4;15,19;15,03;15,52;15,82;899.142.382;42.897
11/10/2016;15,39;15,39;-2,16;15,61;15,29;15,42;15,66;1.047.210.135;46.413
10/10/2016;15,73;15,73;3,08;15,52;15,51;15,67;15,77;599.703.457;34.258
07/10/2016;15,26;15,26;1,06;15,23;14,97;15,26;15,38;1.090.130.397;43.130
06/10/2016;15,1;15,1;3,57;14,71;14,62;14,89;15,1;1.142.794.305;44.374
05/10/2016;14,58;14,58;3,99;14,58;14,16;14,42;14,64;935.819.200;40.505
04/10/2016;14,02;14,02;0,36;13,98;13,83;13,98;14,12;547.706.864;31.465
03/10/2016;13,97;13,97;2,95;13,67;13,62;13,86;13,97;474.102.201;26.164
30/09/2016;13,57;13,57;1,04;13,53;13,44;13,63;13,77;528.427.502;28.869
29/09/2016;13,43;13,43;-3,03;13,8;13,43;13,67;13,9;720.784.063;37.730
28/09/2016;13,85;13,85;5,56;13,3;13,12;13,44;13,85;922.394.482;41.757
27/09/2016;13,12;13,12;-2,09;13,4;12,87;13,07;13,4;752.929.953;49.778
26/09/2016;13,4;13,4;-2,12;13,59;13,39;13,53;13,69;477.486.817;25.987
23/09/2016;13,69;13,69;-2,21;13,98;13,54;13,74;13,98;721.162.532;48.631
22/09/2016;14;14;2,49;13,89;13,84;13,98;14,09;661.999.886;48.058
21/09/2016;13,66;13,66;1,19;13,6;13,4;13,56;13,69;823.058.791;41.655
20/09/2016;13,5;13,5;3,45;13,45;13,33;13,48;13,63;698.162.076;46.265
19/09/2016;13,05;13,05;-0,84;13,42;13,02;13,29;13,54;675.605.015;34.844
16/09/2016;13,16;13,16;-2,59;13,34;13,16;13,27;13,42;588.971.163;33.583
15/09/2016;13,51;13,51;3,05;13,21;13,16;13,4;13,56;563.161.894;35.298
14/09/2016;13,11;13,11;0,77;13,15;12,97;13,14;13,36;574.176.151;36.314
13/09/2016;13,01;13,01;-6,74;13,7;12,94;13,36;13,85;852.543.081;63.112
12/09/2016;13,95;13,95;3,26;13,32;13,27;13,72;13,95;603.758.058;36.988
09/09/2016;13,51;13,51;-4,99;13,96;13,51;13,75;14,02;582.794.508;40.785
08/09/2016;14,22;14,22;1,72;14,07;13,96;14,17;14,29;602.475.541;40.697
06/09/2016;13,98;13,98;1,08;13,69;13,53;13,74;13,98;569.623.280;29.736
05/09/2016;13,83;13,83;1,92;13,79;13,73;13,82;13,93;359.912.266;25.656
02/09/2016;13,57;13,57;4,38;13,22;13,15;13,44;13,58;762.706.325;42.116
01/09/2016;13;13;1,17;12,97;12,76;12,96;13,09;585.180.304;34.154
31/08/2016;12,85;12,85;-1,83;13,13;12,71;12,93;13,22;784.822.234;45.622
30/08/2016;13,09;13,09;1,71;13,04;12,97;13,08;13,23;672.169.128;34.218
29/08/2016;12,87;12,87;2,55;12,5;12,45;12,8;12,96;468.228.087;25.937
26/08/2016;12,55;12,55;0,16;12,69;12,45;12,67;12,9;637.826.972;36.459
25/08/2016;12,53;12,53;1,05;12,42;12,35;12,53;12,64;503.752.563;25.901
24/08/2016;12,4;12,4;-2,13;12,5;12,37;12,47;12,71;549.920.293;23.737
23/08/2016;12,67;12,67;2,59;12,48;12,42;12,66;12,86;770.320.346;25.664
22/08/2016;12,35;12,35;-3,44;12,63;12,3;12,44;12,63;535.449.124;28.398
19/08/2016;12,79;12,79;-0,7;12,82;12,7;12,83;12,92;425.050.847;27.018
18/08/2016;12,88;12,88;0,94;12,8;12,78;12,91;13,03;577.432.970;26.443
17/08/2016;12,76;12,76;2,16;12,47;12,32;12,53;12,76;583.107.399;34.706
16/08/2016;12,49;12,49;1,46;12,31;12,14;12,4;12,56;596.410.988;34.431
15/08/2016;12,31;12,31;2,58;12,19;12,07;12,27;12,37;654.063.029;36.422
12/08/2016;12;12;-0,83;12,05;11,98;12,2;12,44;862.813.313;49.390
11/08/2016;12,1;12,1;4,67;11,63;11,6;11,88;12,1;657.752.701;49.821
10/08/2016;11,56;11,56;-2,69;11,95;11,56;11,71;11,97;483.393.336;34.975
09/08/2016;11,88;11,88;-0,25;11,92;11,75;11,91;12,07;396.023.523;27.510
08/08/2016;11,91;11,91;2,23;11,79;11,7;11,89;11,97;490.430.343;26.375
05/08/2016;11,65;11,65;-3;12,12;11,65;11,84;12,17;636.587.178;37.740
04/08/2016;12,01;12,01;0,92;11,93;11,87;12,01;12,12;756.652.711;44.654
03/08/2016;11,9;11,9;4,75;11,58;11,33;11,64;11,9;645.302.628;47.906
02/08/2016;11,36;11,36;0,98;11,33;11,1;11,33;11,62;551.955.813;33.560
01/08/2016;11,25;11,25;-5,22;11,93;11,22;11,57;11,97;598.459.393;36.536
29/07/2016;11,87;11,87;3,76;11,76;11,61;11,81;11,98;714.220.540;44.681
28/07/2016;11,44;11,44;-0,61;11,4;11,15;11,33;11,55;459.249.712;36.118
27/07/2016;11,51;11,51;-3,11;11,99;11,51;11,73;12,04;603.205.994;40.812
26/07/2016;11,88;11,88;-1,25;11,95;11,85;11,96;12,07;454.134.758;34.160
25/07/2016;12,03;12,03;0,75;11,98;11,91;12,06;12,25;567.393.515;37.053
22/07/2016;11,94;11,94;0,76;11,84;11,72;11,86;11,97;399.813.298;26.229
21/07/2016;11,85;11,85;0,25;11,77;11,73;11,87;11,99;440.343.780;23.765
20/07/2016;11,82;11,82;0,34;11,82;11,54;11,74;11,9;575.196.858;30.219
19/07/2016;11,78;11,78;1,99;11,51;11,5;11,76;11,97;628.986.921;55.287
18/07/2016;11,55;11,55;4,81;10,97;10,87;11,35;11,74;870.749.792;59.652
15/07/2016;11,02;11,02;0,82;10,91;10,82;10,96;11,06;554.016.043;40.323
14/07/2016;10,93;10,93;2,82;10,92;10,66;10,87;10,98;574.385.009;49.014
13/07/2016;10,63;10,63;-0,19;10,47;10,21;10,45;10,63;667.074.890;44.042
12/07/2016;10,65;10,65;2,8;10,61;10,58;10,69;10,8;617.170.405;57.760
11/07/2016;10,36;10,36;5,28;10;9,98;10,22;10,37;677.672.647;42.366
08/07/2016;9,84;9,84;2,93;9,85;9,67;9,82;9,94;416.980.892;26.933
07/07/2016;9,56;9,56;0,63;9,66;9,52;9,73;9,98;788.314.000;52.025
06/07/2016;9,5;9,5;2,26;9,09;8,95;9,23;9,52;621.696.879;37.393
05/07/2016;9,29;9,29;-5,88;9,65;9,23;9,38;9,67;650.206.657;49.785
04/07/2016;9,87;9,87;0,51;9,95;9,79;9,92;10,05;239.813.774;14.771
01/07/2016;9,82;9,82;4,25;9,48;9,37;9,69;9,85;474.561.580;36.911
30/06/2016;9,42;9,42;-0,84;9,42;9,24;9,39;9,49;409.086.719;19.998
29/06/2016;9,5;9,5;3,26;9,43;9,32;9,48;9,57;528.907.032;33.041
28/06/2016;9,2;9,2;4,78;9,1;9,07;9,17;9,28;413.285.352;30.987
27/06/2016;8,78;8,78;-5,08;9,22;8,78;8,96;9,34;523.210.746;45.754
24/06/2016;9,25;9,25;-4,34;9;8,92;9,12;9,33;688.141.107;52.875
23/06/2016;9,67;9,67;3,53;9,59;9,51;9,62;9,7;457.943.611;34.313
22/06/2016;9,34;9,34;-1,99;9,61;9,34;9,57;9,75;588.387.657;35.024
21/06/2016;9,53;9,53;3,81;9,09;8,94;9,21;9,54;488.894.568;29.922
20/06/2016;9,18;9,18;2,57;9,22;9,12;9,24;9,37;587.248.258;51.235
17/06/2016;8,95;8,95;5,29;8,75;8,73;8,87;8,95;557.610.412;36.952
16/06/2016;8,5;8,5;-0,12;8,41;8,28;8,42;8,54;393.273.364;40.664
15/06/2016;8,51;8,51;2,53;8,3;8,27;8,5;8,69;718.122.261;41.497
14/06/2016;8,3;8,3;-3,71;8,6;8,25;8,43;8,77;554.243.825;36.772
13/06/2016;8,62;8,62;-1,82;8,58;8,52;8,67;8,84;320.145.079;24.468
10/06/2016;8,78;8,78;-4,36;8,97;8,78;8,88;8,99;341.657.316;31.015
09/06/2016;9,18;9,18;-2,24;9,28;9,05;9,19;9,38;425.936.869;44.694
08/06/2016;9,39;9,39;8,93;8,8;8,8;9,14;9,41;702.815.533;54.657
07/06/2016;8,62;8,62;1,89;8,42;8,39;8,6;8,72;294.416.677;30.075
06/06/2016;8,46;8,46;-1,28;8,7;8,45;8,59;8,78;314.570.676;30.097
03/06/2016;8,57;8,57;2,02;8,51;8,45;8,55;8,67;386.974.016;37.499
02/06/2016;8,4;8,4;2,69;8,19;8,03;8,24;8,41;431.989.303;33.452
01/06/2016;8,18;8,18;1,74;8,09;7,86;8,05;8,25;367.903.010;42.112
31/05/2016;8,04;8,04;-4,06;8,36;8,04;8,26;8,57;480.428.979;56.676
30/05/2016;8,38;8,38;1,82;8,18;8,06;8,28;8,62;265.184.518;19.521
27/05/2016;8,23;8,23;-5,08;8,5;8,23;8,37;8,57;391.352.150;35.798
25/05/2016;8,67;8,67;1,64;8,68;8,59;8,76;8,94;395.885.753;34.032
24/05/2016;8,53;8,53;0,35;8,69;8,45;8,64;8,85;384.329.922;39.362
23/05/2016;8,5;8,5;-4,49;8,55;8,42;8,53;8,67;434.582.535;36.635
20/05/2016;8,9;8,9;-0,67;9,2;8,9;9,18;9,46;594.326.190;47.269
19/05/2016;8,96;8,96;-3,86;9,25;8,65;8,88;9,25;666.273.733;47.764
18/05/2016;9,32;9,32;-1,89;9,31;9,27;9,44;9,65;487.168.921;42.319
17/05/2016;9,5;9,5;-2,56;9,83;9,46;9,65;9,88;443.574.401;40.244
16/05/2016;9,75;9,75;3,07;9,55;9,52;9,73;9,85;596.170.942;36.685
13/05/2016;9,46;9,46;-3,37;9,93;9,39;9,64;10,06;668.260.190;60.854
12/05/2016;9,79;9,79;-4,49;10,4;9,79;10,15;10,47;675.049.775;51.917
11/05/2016;10,25;10,25;0,39;10,39;9,99;10,29;10,5;762.187.873;49.178
10/05/2016;10,21;10,21;7,7;9,82;9,72;9,92;10,21;520.272.308;38.000
09/05/2016;9,48;9,48;-5,95;10,01;8,84;9,47;10,05;888.858.988;72.734
06/05/2016;10,08;10,08;2,75;9,63;9,58;9,95;10,13;448.185.357;34.841
05/05/2016;9,81;9,81;-1,11;10,28;9,6;10;10,3;647.812.356;39.202
04/05/2016;9,92;9,92;1,43;9,85;9,85;9,98;10,15;428.761.814;28.576
03/05/2016;9,78;9,78;-3,83;10,01;9,71;9,86;10,09;458.544.376;36.504
02/05/2016;10,17;10,17;-0,59;10,25;9,93;10,14;10,36;488.790.203;27.918
29/04/2016;10,23;10,23;0;10,41;10,01;10,24;10,49;548.271.650;39.767
28/04/2016;10,23;10,23;-0,2;10,23;10,08;10,34;10,54;592.154.574;35.626
27/04/2016;10,25;10,25;6;9,85;9,77;10,03;10,3;861.495.999;57.320
26/04/2016;9,67;9,67;3,64;9,48;9,34;9,59;9,74;385.231.571;32.487
25/04/2016;9,33;9,33;-4,31;9,71;9,33;9,51;9,9;532.753.536;34.472
22/04/2016;9,75;9,75;2,85;9,32;9,29;9,74;9,93;612.373.023;46.010
20/04/2016;9,48;9,48;-1,46;9,48;9,34;9,52;9,64;503.958.256;37.149
19/04/2016;9,62;9,62;4,11;9,48;9,34;9,57;9,67;545.078.948;41.320
18/04/2016;9,24;9,24;-4,64;9,65;8,89;9,37;9,72;825.145.523;54.699
15/04/2016;9,69;9,69;5,79;9,25;9,07;9,47;9,83;895.806.404;60.168
14/04/2016;9,16;9,16;-3,68;9,16;9,12;9,32;9,77;716.163.557;56.201
13/04/2016;9,51;9,51;5,32;9,41;9,29;9,53;9,74;1.008.350.714;68.219
12/04/2016;9,03;9,03;7,63;8,55;8,49;8,82;9,15;757.541.727;53.947
11/04/2016;8,39;8,39;1,57;8,43;8,34;8,48;8,58;516.665.758;50.377
08/04/2016;8,26;8,26;7,27;8,13;8,04;8,21;8,34;690.402.630;34.103
07/04/2016;7,7;7,7;1,58;7,79;7,6;7,7;7,85;355.436.294;25.762
06/04/2016;7,58;7,58;-3,19;7,77;7,58;7,77;7,96;544.294.754;32.467
05/04/2016;7,83;7,83;3,3;7,55;7,41;7,82;8,05;586.195.354;50.166
04/04/2016;7,58;7,58;-9,33;8;7,53;7,87;8,18;549.510.030;43.621
01/04/2016;8,36;8,36;0,12;8,05;7,94;8,16;8,41;603.182.310;37.128
31/03/2016;8,35;8,35;-1,07;8,36;8,19;8,39;8,63;583.425.870;44.127
30/03/2016;8,44;8,44;-0,59;8,7;8,28;8,71;9;777.981.015;61.649
29/03/2016;8,49;8,49;0,59;8,34;8,19;8,53;8,85;755.373.210;50.514
28/03/2016;8,44;8,44;8,07;8,15;7,91;8,22;8,48;568.050.120;36.881
24/03/2016;7,81;7,81;0,39;7,53;7,32;7,65;8;398.617.252;33.097
23/03/2016;7,78;7,78;-4,07;7,88;7,66;7,8;7,96;473.396.702;53.748
22/03/2016;8,11;8,11;0,62;7,85;7,73;7,99;8,18;669.341.665;47.166
21/03/2016;8,06;8,06;-0,74;8,08;7,93;8,08;8,27;526.247.185;47.562
18/03/2016;8,12;8,12;0,25;8,09;7,72;7,96;8,17;608.847.049;54.700
17/03/2016;8,1;8,1;12,03;8,15;7,71;8,02;8,19;943.356.446;85.880
16/03/2016;7,23;7,23;9,38;6,51;6,41;6,89;7,23;584.312.229;54.090
15/03/2016;6,61;6,61;-10,68;6,61;6,56;6,72;6,96;698.485.643;82.758
14/03/2016;7,4;7,4;-8,53;7,4;7,4;7,7;8,2;655.229.814;63.709
11/03/2016;8,09;8,09;1,76;7,94;7,67;7,99;8,22;737.423.978;63.170
10/03/2016;7,95;7,95;4,61;7,8;7,31;7,65;7,96;900.474.457;76.942
09/03/2016;7,6;7,6;1,74;7,7;7,36;7,62;7,78;646.121.853;57.560
08/03/2016;7,47;7,47;1,36;7,37;7,08;7,44;7,84;1.020.738.081;97.508
07/03/2016;7,37;7,37;2,08;7,25;6,95;7,29;7,53;620.017.158;64.236
04/03/2016;7,22;7,22;9,89;7,9;6,9;7,36;7,9;1.294.776.987;46.689
03/03/2016;6,57;6,57;16,28;5,85;5,8;6,29;6,8;1.175.567.290;39.293
02/03/2016;5,65;5,65;6,4;5,21;5,15;5,42;5,65;479.617.434;44.317
01/03/2016;5,31;5,31;3,31;5,31;5,1;5,25;5,37;425.053.951;45.743
29/02/2016;5,14;5,14;5,54;5,08;4,98;5,12;5,23;430.988.316;36.333
26/02/2016;4,87;4,87;-0,41;5,02;4,83;4,94;5,1;303.071.251;25.610
25/02/2016;4,89;4,89;0,41;4,81;4,79;4,92;5,08;346.666.368;30.267
24/02/2016;4,87;4,87;-1,02;4,77;4,65;4,78;4,93;358.950.586;41.390
23/02/2016;4,92;4,92;-2,38;4,95;4,82;4,99;5,28;424.211.218;39.741
22/02/2016;5,04;5,04;13;4,67;4,63;4,88;5,04;390.806.050;35.259
19/02/2016;4,46;4,46;-2,83;4,5;4,4;4,47;4,57;250.595.260;23.527
18/02/2016;4,59;4,59;-1,92;4,69;4,55;4,67;4,87;303.469.287;32.641
17/02/2016;4,68;4,68;5,41;4,54;4,51;4,65;4,82;392.727.840;55.693
16/02/2016;4,44;4,44;-1,77;4,5;4,42;4,53;4,64;364.114.497;25.833
15/02/2016;4,52;4,52;1,57;4,56;4,52;4,55;4,6;129.541.474;30.905
12/02/2016;4,45;4,45;5,2;4,37;4,3;4,42;4,51;282.745.752;52.209
11/02/2016;4,23;4,23;-1,86;4,2;4,12;4,19;4,27;249.244.383;44.276
10/02/2016;4,31;4,31;-5,07;4,3;4,28;4,33;4,41;198.066.317;28.847
05/02/2016;4,54;4,54;-4,02;4,73;4,53;4,64;4,78;244.701.978;28.648
04/02/2016;4,73;4,73;5,35;4,56;4,36;4,67;4,94;429.188.278;48.820
03/02/2016;4,49;4,49;4,42;4,42;4,22;4,39;4,52;324.113.619;35.623
02/02/2016;4,3;4,3;-8,9;4,56;4,3;4,46;4,65;238.862.902;40.984
01/02/2016;4,72;4,72;-2,48;4,74;4,66;4,74;4,86;245.882.432;28.762
29/01/2016;4,84;4,84;5,22;4,7;4,52;4,73;4,86;439.826.229;64.685
28/01/2016;4,6;4,6;0,66;4,67;4,35;4,69;5,13;618.332.894;59.274
27/01/2016;4,57;4,57;8,81;4,22;4,16;4,44;4,64;352.368.579;37.197
26/01/2016;4,2;4,2;-4,76;4,23;4,12;4,21;4,31;302.717.532;52.018
22/01/2016;4,41;4,41;-2;4,73;4,4;4,59;4,77;461.849.985;63.312
21/01/2016;4,5;4,5;1,58;4,37;4,36;4,53;4,67;396.220.398;38.327
20/01/2016;4,43;4,43;-4,94;4,5;4,26;4,37;4,5;406.392.090;38.262
19/01/2016;4,66;4,66;-2,92;5,03;4,64;4,8;5,05;319.192.806;39.339
18/01/2016;4,8;4,8;-7,16;5,19;4,8;4,97;5,21;230.875.488;29.986
15/01/2016;5,17;5,17;-9,14;5,35;5,16;5,25;5,44;396.612.197;50.850
14/01/2016;5,69;5,69;7,97;5,31;5,13;5,47;5,69;420.612.560;36.860
13/01/2016;5,27;5,27;-4,7;5,7;5,25;5,48;5,74;388.069.872;40.840
12/01/2016;5,53;5,53;-9,2;6,12;5,51;5,7;6,12;465.242.111;49.361
11/01/2016;6,09;6,09;-2,87;6,27;6,05;6,15;6,3;315.623.333;33.954
08/01/2016;6,27;6,27;0,16;6,38;6,13;6,28;6,45;327.367.768;23.251
07/01/2016;6,26;6,26;-2,19;6,19;6,08;6,26;6,43;359.180.016;28.804
06/01/2016;6,4;6,4;-4,19;6,53;6,4;6,44;6,54;434.823.901;37.022
05/01/2016;6,68;6,68;-2,77;6,92;6,62;6,74;7;198.582.402;23.641
04/01/2016;6,87;6,87;2,54;6,57;6,55;6,84;7,03;314.449.892;24.012
30/12/2015;6,7;6,7;0,15;6,66;6,52;6,63;6,76;199.262.737;21.660
29/12/2015;6,69;6,69;-0,15;6,81;6,68;6,77;6,87;151.840.685;15.739
28/12/2015;6,7;6,7;-3,32;6,9;6,65;6,72;6,9;192.240.963;24.347
23/12/2015;6,93;6,93;2,06;6,91;6,87;6,95;7,04;269.721.118;23.850
22/12/2015;6,79;6,79;2,26;6,76;6,62;6,76;6,82;273.502.186;21.785
21/12/2015;6,64;6,64;-5,41;7,06;6,62;6,79;7,09;367.062.172;43.658
18/12/2015;7,02;7,02;-2,5;7,02;6,92;7,02;7,1;417.113.272;41.894
17/12/2015;7,2;7,2;-1,23;7,35;7,19;7,33;7,52;317.105.927;30.339
16/12/2015;7,29;7,29;-1,75;7,28;7,09;7,25;7,36;278.079.279;38.679
15/12/2015;7,42;7,42;2,91;7,34;7,3;7,38;7,47;248.933.205;32.024
14/12/2015;7,21;7,21;-0,55;7,15;7,07;7,17;7,23;234.181.696;26.788
11/12/2015;7,25;7,25;-2,68;7,26;7,21;7,31;7,53;367.147.644;43.920
10/12/2015;7,45;7,45;-2,61;7,51;7,31;7,42;7,57;318.347.814;31.424
09/12/2015;7,65;7,65;7,29;7,34;7,27;7,61;7,82;618.464.274;71.551
08/12/2015;7,13;7,13;-0,83;7,2;6,95;7,08;7,2;327.434.339;37.060
07/12/2015;7,19;7,19;-4,39;7,6;7,15;7,31;7,61;342.237.250;36.475
04/12/2015;7,52;7,52;-5,76;7,97;7,42;7,6;7,97;476.028.912;51.634
03/12/2015;7,98;7,98;6,12;7,99;7,79;8;8,17;604.283.378;50.222
02/12/2015;7,52;7,52;0,4;7,54;7,35;7,47;7,59;349.730.444;39.631
01/12/2015;7,49;7,49;-2,35;7,67;7,45;7,57;7,76;265.462.402;30.695
30/11/2015;7,67;7,67;0,92;7,54;7,42;7,66;7,84;549.771.224;50.087
27/11/2015;7,6;7,6;-4,04;7,81;7,57;7,69;7,86;291.876.338;39.597
26/11/2015;7,92;7,92;0,25;7,95;7,82;7,91;8,04;169.855.896;14.877
25/11/2015;7,9;7,9;-7,06;8,28;7,9;8,08;8,35;435.196.547;45.405
24/11/2015;8,5;8,5;5,2;8,05;7,95;8,31;8,5;517.415.880;45.949
23/11/2015;8,08;8,08;3,06;7,9;7,85;8,03;8,1;378.036.384;43.147
19/11/2015;7,84;7,84;0,26;7,96;7,62;7,79;7,98;395.648.591;33.374
18/11/2015;7,82;7,82;0,77;7,81;7,79;7,89;8,03;297.857.341;34.249
17/11/2015;7,76;7,76;0,78;7,8;7,64;7,76;7,86;401.460.066;45.669
16/11/2015;7,7;7,7;5,91;7,31;7,31;7,53;7,7;419.487.075;37.882
13/11/2015;7,27;7,27;-4,09;7,5;7,23;7,38;7,56;487.915.446;54.772
12/11/2015;7,58;7,58;-1,81;7,72;7,53;7,63;7,74;310.482.882;33.663
11/11/2015;7,72;7,72;1,45;7,71;7,64;7,72;7,83;336.317.825;34.149
10/11/2015;7,61;7,61;-0,39;7,6;7,51;7,59;7,69;249.139.467;27.292
09/11/2015;7,64;7,64;-2,3;7,83;7,59;7,72;7,93;274.080.014;32.038
06/11/2015;7,82;7,82;-3,58;8,04;7,73;7,87;8,08;306.952.817;33.976
05/11/2015;8,11;8,11;0,37;8,08;7,87;8,06;8,17;742.823.407;43.440
04/11/2015;8,08;8,08;-4,72;8,58;8,02;8,3;8,65;457.981.407;54.603
03/11/2015;8,48;8,48;9,99;7,84;7,77;8,16;8,48;479.575.453;51.571
30/10/2015;7,71;7,71;1,31;7,6;7,54;7,67;7,78;280.022.281;28.500
29/10/2015;7,61;7,61;-1,17;7,57;7,57;7,73;7,93;313.160.575;29.196
28/10/2015;7,7;7,7;1,32;7,61;7,52;7,76;7,95;435.173.999;32.926
27/10/2015;7,6;7,6;-3,18;7,86;7,55;7,65;7,86;328.122.395;31.067
26/10/2015;7,85;7,85;-1,75;8,05;7,8;7,9;8,13;272.645.997;24.190
23/10/2015;7,99;7,99;-0,37;8,26;7,94;8,08;8,28;366.220.197;43.053
22/10/2015;8,02;8,02;3,48;7,82;7,81;7,99;8,11;366.063.411;39.778
21/10/2015;7,75;7,75;-3,73;7,95;7,71;7,83;8,06;349.868.791;29.479
20/10/2015;8,05;8,05;1,26;8;7,97;8,06;8,19;382.863.878;41.572
19/10/2015;7,95;7,95;0;7,9;7,76;7,88;7,96;310.315.080;28.417
16/10/2015;7,95;7,95;-0,63;7,99;7,81;7,97;8,08;336.997.490;29.420
15/10/2015;8;8;0,5;8;7,67;7,85;8,07;480.444.952;56.667
14/10/2015;7,96;7,96;-2,09;8,07;7,89;8,01;8,23;602.131.377;81.233
13/10/2015;8,13;8,13;-7,61;8,36;8,07;8,28;8,47;460.954.453;48.336
09/10/2015;8,8;8,8;0,57;9,02;8,58;8,79;9,07;626.856.755;82.253
08/10/2015;8,75;8,75;3,31;8,46;8,28;8,61;8,84;588.848.536;77.169
07/10/2015;8,47;8,47;3,42;8,51;8,27;8,58;8,9;996.659.262;79.947
06/10/2015;8,19;8,19;4,73;7,86;7,84;8,14;8,34;656.915.564;54.242
05/10/2015;7,82;7,82;0,64;7,9;7,75;7,92;8,14;537.470.233;61.844
02/10/2015;7,77;7,77;10,68;6,99;6,9;7,4;7,83;653.300.502;56.534
01/10/2015;7,02;7,02;-3,04;7,31;6,99;7,19;7,46;493.912.919;59.437
30/09/2015;7,24;7,24;9,86;7,25;6,97;7,14;7,26;766.022.170;77.202
29/09/2015;6,59;6,59;2,33;6,54;6,5;6,64;6,79;345.323.115;34.727
28/09/2015;6,44;6,44;-5,57;6,74;6,44;6,54;6,75;240.427.358;32.716
25/09/2015;6,82;6,82;-2,01;7,12;6,77;6,92;7,22;306.960.609;30.807
24/09/2015;6,96;6,96;2,05;6,61;6,6;6,85;7,14;385.877.125;48.384
23/09/2015;6,82;6,82;-2,15;6,96;6,7;6,91;7,16;442.728.123;41.435
22/09/2015;6,97;6,97;-4,52;7,24;6,81;6,95;7,24;458.722.795;49.371
21/09/2015;7,3;7,3;-3,95;7,66;7,3;7,49;7,68;301.465.873;34.353
18/09/2015;7,6;7,6;-3,31;7,75;7,5;7,6;7,76;513.080.529;55.913
17/09/2015;7,86;7,86;-3,44;8,05;7,86;7,98;8,11;576.728.326;55.565
16/09/2015;8,14;8,14;6,41;7,77;7,74;8,03;8,24;532.515.048;56.087
15/09/2015;7,65;7,65;-0,91;7,65;7,54;7,71;7,87;268.702.864;29.268
14/09/2015;7,72;7,72;0,78;7,7;7,46;7,62;7,82;395.766.347;41.276
11/09/2015;7,66;7,66;-3,89;7,94;7,59;7,7;7,99;409.031.523;45.066
10/09/2015;7,97;7,97;-5,01;7,9;7,81;8,03;8,15;500.075.434;58.725
09/09/2015;8,39;8,39;-2,89;8,81;8,36;8,58;8,9;327.415.568;35.384
08/09/2015;8,64;8,64;1,53;8,7;8,58;8,67;8,79;252.436.010;24.344
04/09/2015;8,51;8,51;-2,85;8,6;8,51;8,62;8,76;301.782.880;37.292
03/09/2015;8,76;8,76;-0,68;8,93;8,54;8,89;9,21;499.065.927;50.262
02/09/2015;8,82;8,82;2,68;8,75;8,33;8,61;8,84;479.939.674;50.026
01/09/2015;8,59;8,59;-6,53;8,75;8,54;8,77;9,09;457.612.469;57.178
31/08/2015;9,19;9,19;2,11;8,71;8,52;8,98;9,29;687.495.058;64.014
28/08/2015;9;9;1,24;8,67;8,61;9,09;9,39;661.300.828;60.261
27/08/2015;8,89;8,89;9,62;8,25;8,23;8,64;8,89;566.645.403;85.581
26/08/2015;8,11;8,11;2,66;8,07;7,85;8,02;8,13;348.533.681;36.858
25/08/2015;7,9;7,9;1,8;8,1;7,88;8,02;8,23;459.854.897;58.939
24/08/2015;7,76;7,76;-6,51;7,76;7,53;7,83;8,17;549.906.845;65.243
21/08/2015;8,3;8,3;-4,93;8,6;8,3;8,42;8,64;326.728.520;37.067
20/08/2015;8,73;8,73;-0,68;8,64;8,56;8,73;8,96;330.794.687;34.533
19/08/2015;8,79;8,79;-2,33;8,95;8,63;8,79;9,05;315.612.970;39.743
18/08/2015;9;9;-1,32;9,06;8,82;9;9,2;334.614.996;43.393
17/08/2015;9,12;9,12;-1,94;9,2;9,12;9,24;9,36;300.580.348;34.390
14/08/2015;9,3;9,3;-2,21;9,61;9,3;9,44;9,68;261.115.906;34.193
13/08/2015;9,51;9,51;-3,74;9,91;9,51;9,66;9,97;292.441.875;40.406
12/08/2015;9,88;9,88;0,51;9,8;9,67;9,83;10,01;382.808.120;46.663
11/08/2015;9,83;9,83;-1,21;9,79;9,47;9,65;9,86;421.359.333;47.921
10/08/2015;9,95;9,95;2,68;9,81;9,57;9,87;10,03;489.716.538;44.919
07/08/2015;9,69;9,69;-6,1;10,25;9,69;9,96;10,55;640.788.655;61.761
06/08/2015;10,32;10,32;3,1;9,86;9,74;10,16;10,39;601.745.370;56.732
05/08/2015;10,01;10,01;-1,67;10,41;10,01;10,24;10,55;448.284.306;36.532
04/08/2015;10,18;10,18;1,6;10,14;10,1;10,23;10,45;309.976.955;35.525
03/08/2015;10,02;10,02;-4,57;10,36;9,95;10,12;10,41;405.060.286;39.552
31/07/2015;10,5;10,5;0,29;10,48;10,32;10,53;10,7;383.879.177;38.481
30/07/2015;10,47;10,47;-2,33;10,83;10,24;10,5;10,93;491.705.590;40.211
29/07/2015;10,72;10,72;7,52;10,01;9,91;10,48;10,72;893.495.347;75.052
28/07/2015;9,97;9,97;4,84;9,69;9,61;9,9;10,22;696.450.594;54.708
27/07/2015;9,51;9,51;-5,28;9,96;9,51;9,72;9,99;504.600.350;44.307
24/07/2015;10,04;10,04;-1,28;10,17;9,76;9,93;10,23;439.255.542;42.157
23/07/2015;10,17;10,17;-1,83;10,22;10,12;10,27;10,56;505.651.171;43.666
22/07/2015;10,36;10,36;-3,81;10,61;10,33;10,48;10,72;306.207.625;27.310
21/07/2015;10,77;10,77;-0,19;10,91;10,6;10,92;11,24;420.748.677;39.426
20/07/2015;10,79;10,79;-5,35;11,46;10,75;11,01;11,54;532.494.305;43.234
17/07/2015;11,4;11,4;-4,36;11,82;11,39;11,54;11,9;445.075.406;38.199
16/07/2015;11,92;11,92;1,02;11,89;11,82;11,9;11,99;295.217.560;26.970
15/07/2015;11,8;11,8;-1,67;11,96;11,72;11,87;12,06;382.909.429;37.390
14/07/2015;12;12;1,52;11,69;11,58;11,89;12,08;428.620.293;30.245
13/07/2015;11,82;11,82;0,25;11,87;11,58;11,74;11,93;304.652.509;30.718
10/07/2015;11,79;11,79;2,08;11,9;11,75;11,86;11,98;355.828.802;31.727
08/07/2015;11,55;11,55;-1,95;11,62;11,33;11,59;11,99;492.446.161;50.693
07/07/2015;11,78;11,78;2,61;11,36;10,82;11,29;11,81;797.652.860;59.503
06/07/2015;11,48;11,48;-2,13;11,51;11,28;11,47;11,73;573.564.926;45.775
03/07/2015;11,73;11,73;-4,63;12,25;11,68;11,95;12,31;370.613.649;32.987
02/07/2015;12,3;12,3;0,99;12,35;12,16;12,35;12,53;448.210.937;42.516
01/07/2015;12,18;12,18;-4,17;12,8;12,01;12,42;12,85;756.665.789;51.512
30/06/2015;12,71;12,71;-0,31;12,9;12,65;12,78;12,99;407.838.719;41.060
29/06/2015;12,75;12,75;-3,48;13;12,62;13,08;13,59;806.352.289;49.393
26/06/2015;13,21;13,21;4,84;12,66;12,64;13,01;13,21;446.916.137;32.533
25/06/2015;12,6;12,6;-4,55;13,23;12,52;12,79;13,24;614.510.260;39.164
24/06/2015;13,2;13,2;1,77;13,06;13,05;13,19;13,35;514.887.505;31.722
23/06/2015;12,97;12,97;-1,74;13,27;12,95;13,24;13,43;631.376.112;31.358
22/06/2015;13,2;13,2;0,23;13,3;13,13;13,21;13,37;292.919.612;21.576
19/06/2015;13,17;13,17;-2,01;13,31;13,1;13,26;13,44;458.649.518;32.273
18/06/2015;13,44;13,44;1,9;13,28;13,15;13,34;13,44;349.274.380;29.533
17/06/2015;13,19;13,19;-1,2;13,5;13,12;13,35;13,59;533.563.260;42.141
16/06/2015;13,35;13,35;2,77;13,04;12,91;13,23;13,48;639.173.675;40.102
15/06/2015;12,99;12,99;-0,23;12,97;12,9;13,02;13,09;402.321.558;29.310
12/06/2015;13,02;13,02;-0,23;12,86;12,83;12,96;13,04;386.738.238;30.592
11/06/2015;13,05;13,05;0;13,13;12,85;12,96;13,14;448.120.895;34.045
10/06/2015;13,05;13,05;0,62;13,3;12,92;13,16;13,44;584.745.383;39.169
09/06/2015;12,97;12,97;3,18;12,61;12,57;12,97;13,17;565.903.328;36.200
08/06/2015;12,57;12,57;0,08;12,61;12,47;12,61;12,77;296.627.672;23.923
05/06/2015;12,56;12,56;-2,1;12,58;12,42;12,56;12,78;452.516.624;34.917
03/06/2015;12,83;12,83;-0,08;12,96;12,72;12,93;13,1;629.815.443;37.454
02/06/2015;12,84;12,84;3,8;12,55;12,47;12,73;12,95;582.467.511;47.249
01/06/2015;12,37;12,37;0,32;12,43;12,25;12,41;12,65;489.916.746;31.861
29/05/2015;12,33;12,33;-2,68;12,71;12,33;12,49;12,78;901.139.500;44.895
28/05/2015;12,67;12,67;0,96;12,47;12,4;12,6;12,82;730.071.054;48.216
27/05/2015;12,55;12,55;1,29;12,5;12,29;12,52;12,66;578.136.871;39.971
26/05/2015;12,39;12,39;-3,2;12,8;12,39;12,58;12,86;548.527.006;45.044
25/05/2015;12,8;12,8;-2,14;12,98;12,72;12,88;13,01;291.715.795;22.441
22/05/2015;13,08;13,08;-2,75;13,52;12,92;13,11;13,65;689.301.262;57.457
21/05/2015;13,45;13,45;4,34;12,86;12,86;13,31;13,52;692.725.914;48.743
20/05/2015;12,89;12,89;-0,15;12,76;12,63;12,91;13,12;545.759.111;38.982
19/05/2015;12,91;12,91;-6,31;13,55;12,79;13,06;13,59;897.505.277;76.202
18/05/2015;13,78;13,78;-1,99;14,64;13,52;14,12;14,65;1.121.954.200;67.267
15/05/2015;14,06;14,06;1,22;13,92;13,61;13,88;14,12;736.932.843;63.388
14/05/2015;13,89;13,89;-0,57;14,1;13,76;14;14,23;670.507.005;59.264
13/05/2015;13,97;13,97;1,31;13,87;13,75;13,96;14,13;617.449.679;69.791
12/05/2015;13,79;13,79;0,51;13,7;13,63;13,89;14,06;418.653.728;34.325
11/05/2015;13,72;13,72;1,48;13,68;13,43;13,67;13,83;374.214.080;34.202
08/05/2015;13,52;13,52;-1,31;14,04;13,36;13,61;14,09;573.559.188;38.448
07/05/2015;13,7;13,7;0,44;13,8;13,33;13,64;14,05;600.986.749;43.985
06/05/2015;13,64;13,64;-5,15;14,75;13,57;14,2;14,95;995.699.660;63.038
05/05/2015;14,38;14,38;4,2;13,7;13,67;14,37;14,61;1.057.454.731;80.587
04/05/2015;13,8;13,8;5,75;13,31;13,3;13,63;13,85;742.771.997;64.856
30/04/2015;13,05;13,05;1,79;12,83;12,8;13;13,15;618.345.721;39.268
29/04/2015;12,82;12,82;0,31;12,58;12,53;12,79;12,93;454.928.985;36.556
28/04/2015;12,78;12,78;1,59;12,76;12,25;12,6;12,87;750.320.999;48.433
27/04/2015;12,58;12,58;-5,13;12,95;12,57;12,79;13,12;655.541.944;53.481
24/04/2015;13,26;13,26;2,63;13,19;13,18;13,43;13,78;1.400.958.697;10.039
23/04/2015;12,92;12,92;-1,52;12,3;11,89;12,67;13,26;2.266.956.884;48.271
22/04/2015;13,12;13,12;0,23;13,19;12,66;13,02;13,29;842.123.413;74.105
20/04/2015;13,09;13,09;0,61;13,23;13,02;13,16;13,38;675.827.895;50.428
17/04/2015;13,01;13,01;0,62;12,61;12,52;12,97;13,24;902.852.107;70.773
16/04/2015;12,93;12,93;-3;13,25;12,52;12,87;13,33;1.379.728.101;91.435
15/04/2015;13,33;13,33;6,73;12,7;12,47;13,04;13,38;1.319.748.880;84.867
14/04/2015;12,49;12,49;1,79;12,67;11,97;12,42;12,74;1.069.996.094;95.516
13/04/2015;12,27;12,27;3,81;11,97;11,9;12,41;12,75;1.296.526.838;14.834
10/04/2015;11,82;11,82;2,25;11,52;11,27;11,67;11,93;802.141.662;80.952
09/04/2015;11,56;11,56;9,06;10,7;10,58;11,26;11,57;876.645.980;79.932
08/04/2015;10,6;10,6;-2,66;11,1;10,49;10,94;11,33;787.524.743;81.527
07/04/2015;10,89;10,89;1,87;10,6;10,46;10,74;10,96;641.660.460;52.335
06/04/2015;10,69;10,69;-0,28;10,8;10,69;10,84;10,99;481.483.169;44.272
02/04/2015;10,72;10,72;5;10,17;10,17;10,58;10,72;715.241.932;64.804
01/04/2015;10,21;10,21;4,93;9,93;9,87;10,19;10,37;590.279.400;50.063
31/03/2015;9,73;9,73;0,1;9,58;9,47;9,73;9,92;443.900.402;45.058
30/03/2015;9,72;9,72;3,62;9,5;9,42;9,64;9,75;315.733.055;25.944
27/03/2015;9,38;9,38;0,32;9,3;9,17;9,34;9,61;470.698.065;35.825
26/03/2015;9,35;9,35;-4,98;9,92;9,32;9,57;9,96;559.071.578;43.360
25/03/2015;9,84;9,84;4,79;9,65;9,53;9,72;9,89;802.742.942;75.181
24/03/2015;9,39;9,39;0,43;9,37;9,22;9,37;9,45;326.664.721;29.041
23/03/2015;9,35;9,35;0;9,3;9,2;9,35;9,44;310.799.885;24.244
20/03/2015;9,35;9,35;5,06;9,08;8,96;9,2;9,35;531.199.741;48.060
19/03/2015;8,9;8,9;-3,99;9,18;8,85;9,03;9,23;384.909.448;30.641
18/03/2015;9,27;9,27;4,27;8,85;8,67;9,08;9,29;582.678.287;52.587
17/03/2015;8,89;8,89;5,08;8,35;8,32;8,66;8,93;541.812.028;50.353
16/03/2015;8,46;8,46;1,93;8,49;8,19;8,33;8,5;438.745.912;51.586
13/03/2015;8,3;8,3;-2,35;8,25;8,16;8,28;8,39;592.352.556;72.930
12/03/2015;8,5;8,5;-3,3;8,97;8,44;8,77;9,08;538.743.500;45.049
11/03/2015;8,79;8,79;2,81;8,67;8,58;8,71;8,83;376.366.675;47.008
10/03/2015;8,55;8,55;-4,04;8,83;8,51;8,69;8,98;613.866.158;56.945
09/03/2015;8,91;8,91;-3,57;9,13;8,9;9,05;9,18;318.556.670;28.972
06/03/2015;9,24;9,24;-0,43;9,2;9,17;9,25;9,35;244.478.783;28.804
05/03/2015;9,28;9,28;0,76;9,31;9,16;9,24;9,38;238.955.389;29.822
04/03/2015;9,21;9,21;-4,06;9,41;9,21;9,33;9,45;438.832.777;41.249
03/03/2015;9,6;9,6;2,13;9,69;9,52;9,66;9,8;401.761.241;43.431
02/03/2015;9,4;9,4;-1,78;9,44;9,27;9,44;9,71;348.342.933;25.190
27/02/2015;9,57;9,57;3,24;9,3;9,1;9,46;9,64;425.991.015;48.687
26/02/2015;9,27;9,27;-1,17;9,4;9,16;9,27;9,52;391.906.138;37.010
25/02/2015;9,38;9,38;-4,87;9,1;9;9,2;9,39;870.460.336;99.028
24/02/2015;9,86;9,86;3,9;9,65;9,59;9,75;9,89;457.688.477;46.043
23/02/2015;9,49;9,49;-1,86;9,55;9,39;9,5;9,59;381.506.426;48.068
20/02/2015;9,67;9,67;-0,82;9,82;9,53;9,64;9,9;333.000.902;25.911
19/02/2015;9,75;9,75;-3,66;9,96;9,65;9,78;9,97;368.934.446;30.002
18/02/2015;10,12;10,12;1,3;10,16;10,04;10,2;10,34;425.345.395;38.086
13/02/2015;9,99;9,99;5,16;9,68;9,66;9,93;10,1;698.492.909;59.724
12/02/2015;9,5;9,5;5,2;9,35;9,27;9,43;9,54;571.574.023;45.689
11/02/2015;9,03;9,03;1,23;8,94;8,81;8,95;9,19;424.145.648;39.031
10/02/2015;8,92;8,92;-3,88;9,22;8,92;9,31;9,8;681.396.673;65.049
